{"500k": {"var": 164.48750000000001, "count": 20, "mean": 3.75}, "100k": {"var": 135.95999999999998, "count": 20, "mean": 10.199999999999999}, "experimentname": "AASMA vs TITFORTAT"}