{"500k": {"var": 161.54749999999999, "count": 20, "mean": 9.4499999999999993}, "100k": {"var": 112.25999999999999, "count": 20, "mean": 11.800000000000001}, "experimentname": "AASMA vs AASMA"}