{"500k": {"var": 114.92750000000001, "count": 20, "mean": 10.65}, "100k": {"var": 128.82750000000001, "count": 20, "mean": 5.6500000000000004}, "experimentname": "AASMA vs TITFORTAT"}