{"500k": {"var": 50.908924406497292, "count": 980, "mean": 1.2479591836734694}, "100k": {"var": 54.844751020242924, "count": 943, "mean": 1.44220572640509}, "experimentname": "AASMA vs Astar"}