{"100k": {"var": 36.464063614744362, "count": 1160, "mean": 0.5913793103448276}, "500k": {"var": 34.585297476381676, "count": 1187, "mean": 0.4987363100252738}, "experimentname": "AASMA vs Default"}
