{"500k": {"var": 107.12750000000001, "count": 20, "mean": 11.85}, "100k": {"var": 128.41, "count": 20, "mean": 6.2999999999999998}, "experimentname": "AASMA vs TITFORTAT"}