{"500k": {"var": 108.21000000000001, "count": 20, "mean": 8.3000000000000007}, "100k": {"var": 149.02750000000003, "count": 20, "mean": 9.6500000000000004}, "experimentname": "AASMA a=0.2 vs Random/Focused (0.75)"}