{"500k": {"var": 75.527500000000003, "count": 20, "mean": 14.15}, "100k": {"var": 71.159999999999997, "count": 20, "mean": 14.800000000000001}, "experimentname": "AASMA vs TITFORTAT"}