{"500k": {"var": 144.6275, "count": 20, "mean": 8.6500000000000004}, "100k": {"var": 105.25999999999999, "count": 20, "mean": 11.199999999999999}, "experimentname": "AASMA vs TITFORTAT"}