{"500k": {"var": 116.14750000000001, "count": 20, "mean": 13.050000000000001}, "100k": {"var": 125.41000000000001, "count": 20, "mean": 9.3000000000000007}, "experimentname": "AASMA vs TITFORTAT"}