{"500k": {"var": 189.72750000000002, "count": 20, "mean": 6.1500000000000004}, "100k": {"var": 81.310000000000002, "count": 20, "mean": 10.699999999999999}, "experimentname": "AASMA t=0.3 vs Random/Focused (0.75)"}