{"500k": {"var": 132.85999999999999, "count": 20, "mean": 10.199999999999999}, "100k": {"var": 133.44999999999999, "count": 20, "mean": 9.5}, "experimentname": "AASMA vs TITFORTAT"}