{"500k": {"var": 121.78749999999999, "count": 20, "mean": 7.75}, "100k": {"var": 56.360000000000014, "count": 20, "mean": 15.800000000000001}, "experimentname": "AASMA vs TITFORTAT"}