{"500k": {"var": 103.12749999999998, "count": 20, "mean": 12.15}, "100k": {"var": 116.30999999999999, "count": 20, "mean": 13.300000000000001}, "experimentname": "AASMA vs TITFORTAT"}