{"500k": {"var": 104.54749999999997, "count": 20, "mean": 11.449999999999999}, "100k": {"var": 76.487499999999997, "count": 20, "mean": 13.75}, "experimentname": "AASMA t=0.3 vs AASMA"}