{"500k": {"var": 116.65000000000001, "count": 20, "mean": 10.5}, "100k": {"var": 98.927499999999981, "count": 20, "mean": 13.15}, "experimentname": "AASMA vs TITFORTAT"}