{"500k": {"var": 285.22750000000002, "count": 20, "mean": 2.1499999999999999}, "100k": {"var": 235.02749999999997, "count": 20, "mean": 5.1500000000000004}, "experimentname": "AASMA a=0.6 vs Random/Focused (0.75)"}