{"500k": {"var": 93.487499999999997, "count": 20, "mean": 12.25}, "100k": {"var": 108.34999999999999, "count": 20, "mean": 10.5}, "experimentname": "AASMA vs TITFORTAT"}