{"500k": {"var": 92.287499999999994, "count": 20, "mean": 6.25}, "100k": {"var": 37.287500000000001, "count": 20, "mean": 0.75}, "experimentname": "AASMA vs AASMA"}