{"500k": {"var": 68.427499999999995, "count": 20, "mean": 2.8500000000000001}, "100k": {"var": 9.4474999999999998, "count": 20, "mean": -1.45}, "experimentname": "AASMA vs AASMA"}