{"500k": {"var": 79.150000000000006, "count": 20, "mean": 13.5}, "100k": {"var": 95.310000000000016, "count": 20, "mean": 12.300000000000001}, "experimentname": "AASMA vs TITFORTAT"}