{"500k": {"var": 75.647500000000008, "count": 20, "mean": 2.5499999999999998}, "100k": {"var": 117.64000000000001, "count": 20, "mean": 9.5999999999999996}, "experimentname": "AASMA vs AASMA"}