{"500k": {"var": 99.909999999999997, "count": 20, "mean": 12.300000000000001}, "100k": {"var": 51.027500000000003, "count": 20, "mean": 15.35}, "experimentname": "AASMA vs AASMA"}