{"500k": {"var": 189.54749999999999, "count": 20, "mean": 9.4499999999999993}, "100k": {"var": 146.1275, "count": 20, "mean": 9.1500000000000004}, "experimentname": "AASMA vs Random/Focused (0.75)"}