{"500k": {"var": 95.390000000000015, "count": 20, "mean": 12.1}, "100k": {"var": 87.910000000000011, "count": 20, "mean": 13.300000000000001}, "experimentname": "AASMA vs TITFORTAT"}