{"500k": {"var": 9.5274999999999999, "count": 20, "mean": -1.3500000000000001}, "100k": {"var": 90.347499999999997, "count": 20, "mean": 8.4499999999999993}, "experimentname": "AASMA vs AASMA"}