{"500k": {"var": 433.58749999999998, "count": 20, "mean": -9.75}, "100k": {"var": 233.14000000000001, "count": 20, "mean": -18.600000000000001}, "experimentname": "Focused vs Random/Focused (0.75)"}