{"500k": {"var": 124.72750000000001, "count": 20, "mean": 8.8499999999999996}, "100k": {"var": 130.78999999999996, "count": 20, "mean": 9.9000000000000004}, "experimentname": "AASMA vs TITFORTAT"}