{"500k": {"var": 9.1474999999999991, "count": 20, "mean": -1.45}, "100k": {"var": 89.859999999999999, "count": 20, "mean": 6.2000000000000002}, "experimentname": "AASMA vs AASMA"}