{"500k": {"var": 120.04749999999999, "count": 20, "mean": 10.050000000000001}, "100k": {"var": 133.75, "count": 20, "mean": 6.5}, "experimentname": "AASMA vs TITFORTAT"}