{"500k": {"var": 141.80000000000001, "count": 20, "mean": 9.0}, "100k": {"var": 131.39000000000004, "count": 20, "mean": 8.0999999999999996}, "experimentname": "AASMA vs TITFORTAT"}