{"500k": {"var": 8.6474999999999991, "count": 20, "mean": 16.550000000000001}, "100k": {"var": 143.0275, "count": 20, "mean": 7.8499999999999996}, "experimentname": "AASMA vs TITFORTAT"}