{"500k": {"var": 118.22749999999999, "count": 20, "mean": 9.3499999999999996}, "100k": {"var": 94.739999999999995, "count": 20, "mean": 12.4}, "experimentname": "AASMA vs TITFORTAT"}